domain_rating,referring_page,link_url,domain
83,https://de.wikipedia.org/wiki/Megalith,https://en.wikipedia.org/wiki/Megalith,de.wikipedia.org
80,https://fr.wikipedia.org/wiki/Mégalithe,https://en.wikipedia.org/wiki/Megalith,fr.wikipedia.org
62,http://www.crystalinks.com/druids.html,https://en.wikipedia.org/wiki/Megalith,www.crystalinks.com
80,https://ru.wikipedia.org/wiki/Мегалит,https://en.wikipedia.org/wiki/Megalith,ru.wikipedia.org
79,https://it.wikipedia.org/wiki/Megalito,https://en.wikipedia.org/wiki/Megalith,it.wikipedia.org
77,https://nl.wikipedia.org/wiki/Megaliet,https://en.wikipedia.org/wiki/Megalith,nl.wikipedia.org
43,http://ilearn.woodfordschools.org/ckahn/,https://en.wikipedia.org/wiki/Megalith,ilearn.woodfordschools.org
37,http://8916898.blogspot.com/2013/10/the-star-gate-of-sri-lanka.html,https://en.wikipedia.org/wiki/Megalith,8916898.blogspot.com
77,https://ja.wikipedia.org/wiki/巨石記念物,https://en.wikipedia.org/wiki/Megalith,ja.wikipedia.org
75,https://cs.wikipedia.org/wiki/Megalit,https://en.wikipedia.org/wiki/Megalith,cs.wikipedia.org
72,https://ro.wikipedia.org/wiki/Megalit,https://en.wikipedia.org/wiki/Megalith,ro.wikipedia.org
71,https://bg.wikipedia.org/wiki/Мегалит,https://en.wikipedia.org/wiki/Megalith,bg.wikipedia.org
74,https://sv.wikipedia.org/wiki/Megalitiska_monument,https://en.wikipedia.org/wiki/Megalith,sv.wikipedia.org
73,https://tr.wikipedia.org/wiki/Megalit,https://en.wikipedia.org/wiki/Megalith,tr.wikipedia.org
73,https://fa.wikipedia.org/wiki/خرسنگ,https://en.wikipedia.org/wiki/Megalith,fa.wikipedia.org
71,https://uk.wikipedia.org/wiki/Мегаліти,https://en.wikipedia.org/wiki/Megalith,uk.wikipedia.org
73,https://vi.wikipedia.org/wiki/Cự_thạch,https://en.wikipedia.org/wiki/Megalith,vi.wikipedia.org
72,https://fi.wikipedia.org/wiki/Megaliitti,https://en.wikipedia.org/wiki/Megalith,fi.wikipedia.org
74,https://zh.wikipedia.org/wiki/巨石文化,https://en.wikipedia.org/wiki/Megalith,zh.wikipedia.org
40,http://www.mysterious-britain.co.uk/,https://en.wikipedia.org/wiki/Megalith,www.mysterious-britain.co.uk
40,https://aratta.wordpress.com/,https://en.wikipedia.org/wiki/Megalith,aratta.wordpress.com
71,https://he.wikipedia.org/wiki/מגלית,https://en.wikipedia.org/wiki/Megalith,he.wikipedia.org
56,https://redice.tv/red-ice-radio/the-grid-of-the-gods,https://en.wikipedia.org/wiki/Megalith,redice.tv
69,https://www.wikidata.org/wiki/Q164240,https://en.wikipedia.org/wiki/Megalith,www.wikidata.org
82,https://sites.google.com/site/greenlandtheory/mascots/druids,https://en.wikipedia.org/wiki/Megalith,sites.google.com
71,https://sk.wikipedia.org/wiki/Megalit,https://en.wikipedia.org/wiki/Megalith,sk.wikipedia.org
70,https://lt.wikipedia.org/wiki/Megalitas,https://en.wikipedia.org/wiki/Megalith,lt.wikipedia.org
69,https://eo.wikipedia.org/wiki/Megalito,https://en.wikipedia.org/wiki/Megalith,eo.wikipedia.org
69,https://mk.wikipedia.org/wiki/Мегалит,https://en.wikipedia.org/wiki/Megalith,mk.wikipedia.org
71,https://ar.wikipedia.org/wiki/جندل_(آثار),https://en.wikipedia.org/wiki/Megalith,ar.wikipedia.org
70,https://hr.wikipedia.org/wiki/Megalitska_kultura,https://en.wikipedia.org/wiki/Megalith,hr.wikipedia.org
53,http://the-definition.com/dictionary/megalith,https://en.wikipedia.org/wiki/Megalith,the-definition.com
69,https://sh.wikipedia.org/wiki/Megaliti,https://en.wikipedia.org/wiki/Megalith,sh.wikipedia.org
69,https://ka.wikipedia.org/wiki/მეგალითები,https://en.wikipedia.org/wiki/Megalith,ka.wikipedia.org
69,https://hy.wikipedia.org/wiki/Մեգալիթյան_կառույցներ,https://en.wikipedia.org/wiki/Megalith,hy.wikipedia.org
72,https://no.wikipedia.org/wiki/Megalitt,https://en.wikipedia.org/wiki/Megalith,no.wikipedia.org
70,https://hi.wikipedia.org/wiki/महापाषाण,https://en.wikipedia.org/wiki/Megalith,hi.wikipedia.org
53,http://www.ac24.cz/zpravy-ze-sveta/3642-nove-objevene-megaliticke-ruiny-v-rusku-obsahuji-nejvetsi-kdy-objevene-kamenne-bloky,https://en.wikipedia.org/wiki/Megalith,www.ac24.cz
69,https://cy.wikipedia.org/wiki/Megalith,https://en.wikipedia.org/wiki/Megalith,cy.wikipedia.org
69,https://io.wikipedia.org/wiki/Megalito,https://en.wikipedia.org/wiki/Megalith,io.wikipedia.org
69,https://su.wikipedia.org/wiki/Mégalitikum,https://en.wikipedia.org/wiki/Megalith,su.wikipedia.org
69,https://bat-smg.wikipedia.org/wiki/Megalėtā,https://en.wikipedia.org/wiki/Megalith,bat-smg.wikipedia.org
73,https://en.wikiquote.org/wiki/Megalith,https://en.wikipedia.org/wiki/Megalith,en.wikiquote.org
69,https://be.wikipedia.org/wiki/Мегаліты,https://en.wikipedia.org/wiki/Megalith,be.wikipedia.org
69,https://scn.wikipedia.org/wiki/Megaliti,https://en.wikipedia.org/wiki/Megalith,scn.wikipedia.org
69,https://ga.wikipedia.org/wiki/Meigilit,https://en.wikipedia.org/wiki/Megalith,ga.wikipedia.org
52,https://anthropology.net/2010/02/22/gobekli-tepe-temple-in-turkey-predates-the-pyramids-of-giza/,https://en.wikipedia.org/wiki/Megalith,anthropology.net
70,https://bn.wikipedia.org/wiki/মেগালিথ,https://en.wikipedia.org/wiki/Megalith,bn.wikipedia.org
69,https://mr.wikipedia.org/wiki/स्मारकशिला_दफने,https://en.wikipedia.org/wiki/Megalith,mr.wikipedia.org
63,http://dbpedia.org/page/Megalith,https://en.wikipedia.org/wiki/Megalith,dbpedia.org
72,http://www.angelfire.com/planet/jo/page3.html,https://en.wikipedia.org/wiki/Megalith,www.angelfire.com
45,http://newsonrelevantscience.blogspot.com/2014/01/,https://en.wikipedia.org/wiki/Megalith,newsonrelevantscience.blogspot.com
71,https://el.wikipedia.org/wiki/Βικιπαίδεια:Λήμματα_ζωτικής_σημασίας/Εκτεταμένα/Τέχνες,https://en.wikipedia.org/wiki/Megalith,el.wikipedia.org
50,http://nexusilluminati.blogspot.com/2015/02/how-does-gobekli-tepe-find-change-our.html,https://en.wikipedia.org/wiki/Megalith,nexusilluminati.blogspot.com
70,"""http://users.skynet.be/Swiss/Magical Places/magical_places.htm""",https://en.wikipedia.org/wiki/Megalith,
45,http://openarchaeology.info/lexicon/6,https://en.wikipedia.org/wiki/Megalith,openarchaeology.info
69,https://oc.wikipedia.org/wiki/Megalit,https://en.wikipedia.org/wiki/Megalith,oc.wikipedia.org
57,http://googlesightseeing.com/2008/01/bru-na-boinne/,https://en.wikipedia.org/wiki/Megalith,googlesightseeing.com
71,https://answers.yahoo.com/question/index?qid=20080623193655AAGergR,https://en.wikipedia.org/wiki/Megalith,answers.yahoo.com
49,https://www.laetusinpraesens.org/musings/epiterr.php,https://en.wikipedia.org/wiki/Megalith,www.laetusinpraesens.org
70,https://mattharley.netfirms.com/discussion/8080/our-history-is-not-what-we-think,https://en.wikipedia.org/wiki/Megalith,mattharley.netfirms.com
55,http://www.unexplained-mysteries.com/forum/topic/226453-ley-line-maps-of-britain/,https://en.wikipedia.org/wiki/Megalith,www.unexplained-mysteries.com
51,http://www.hauntedamericatours.com/haunted/HAUNTEDCEMETERY.php,https://en.wikipedia.org/wiki/Megalith,www.hauntedamericatours.com
53,http://www.translationdirectory.com/glossaries/glossary336.php,https://en.wikipedia.org/wiki/Megalith,www.translationdirectory.com
69,https://la.wikipedia.org/wiki/Megalithus,https://en.wikipedia.org/wiki/Megalith,la.wikipedia.org
68,http://gis.19327.n5.nabble.com/Nuraghe-td5352809.html,https://en.wikipedia.org/wiki/Megalith,gis.19327.n5.nabble.com
45,https://www.roelhollander.eu/en/blog-music/zodiac-signs-and-tonality/,https://en.wikipedia.org/wiki/Megalith,www.roelhollander.eu
68,http://web2.codeproject.com/Messages/4366708/Re-Breakfast-at-Tiffanys.aspx,https://en.wikipedia.org/wiki/Megalith,web2.codeproject.com
68,https://www.codeproject.com/Messages/4368591/Re-Women-Golfers.aspx,https://en.wikipedia.org/wiki/Megalith,www.codeproject.com
56,http://www.redicecreations.com/radio/2011/10/RIR-111016-SUB.html,https://en.wikipedia.org/wiki/Megalith,www.redicecreations.com
68,https://legacyofkain.gamepedia.com/Find_the_Path_to_the_Pillars,https://en.wikipedia.org/wiki/Megalith,legacyofkain.gamepedia.com
51,https://endtimesprophecyreport.com/tag/television/,https://en.wikipedia.org/wiki/Megalith,endtimesprophecyreport.com
53,http://www.russia-ic.com/travel/places/1000/,https://en.wikipedia.org/wiki/Megalith,www.russia-ic.com
43,http://thehollowearthinsider.com/archives/category/the-tal-zone-6,https://en.wikipedia.org/wiki/Megalith,thehollowearthinsider.com
22,http://miffaisno1.blogspot.com/2012/09/,https://en.wikipedia.org/wiki/Megalith,miffaisno1.blogspot.com
55,http://www.thefullwiki.org/Megalith,https://en.wikipedia.org/wiki/Megalith,www.thefullwiki.org
51,http://murugan.org/research/saluvankuppam.kovil.discovery.htm,https://en.wikipedia.org/wiki/Megalith,murugan.org
64,http://www.flickriver.com/photos/silva_d/3262752671/,https://en.wikipedia.org/wiki/Megalith,www.flickriver.com
30,http://signsandscience.blogspot.com/2015/06/mission-of-messengers.html,https://en.wikipedia.org/wiki/Megalith,signsandscience.blogspot.com
53,http://www.wie-sagt-man-noch.de/englisch/bulgarisch/megalith,https://en.wikipedia.org/wiki/Megalith,www.wie-sagt-man-noch.de
80,https://commons.wikimedia.org/wiki/File:Paulnabrone.jpg,https://en.wikipedia.org/wiki/Megalith,commons.wikimedia.org
58,http://www.countercurrents.org/2016/09/09/ban-ki-moons-apollonian-speech-at-bmich-colombo/,https://en.wikipedia.org/wiki/Megalith,www.countercurrents.org
51,http://everything.explained.today/Megalith/,https://en.wikipedia.org/wiki/Megalith,everything.explained.today
61,http://gladakatarina.bloggplatsen.se/2009/05/17/,https://en.wikipedia.org/wiki/Megalith,gladakatarina.bloggplatsen.se
14,http://genes-evolution.blogspot.com/,https://en.wikipedia.org/wiki/Megalith,genes-evolution.blogspot.com
57,http://blog.mailasail.com/beezneez/1725,https://en.wikipedia.org/wiki/Megalith,blog.mailasail.com
62,http://www.oocities.org/area51/rampart/9886/megaliths.htm,https://en.wikipedia.org/wiki/Megalith,www.oocities.org
55,http://www.snipview.com/q/Megalith,https://en.wikipedia.org/wiki/Megalith,www.snipview.com
45,http://romaniamegalitica.blogspot.com/p/test.html,https://en.wikipedia.org/wiki/Megalith,romaniamegalitica.blogspot.com
52,http://cromwell-intl.com/travel/uk/orkney-sousterrain/,https://en.wikipedia.org/wiki/Megalith,cromwell-intl.com
61,http://allwomenstalk.com/explore/pictures/largest-single-stone,https://en.wikipedia.org/wiki/Megalith,allwomenstalk.com
51,http://www.art-and-archaeology.com/timelines/europe/prehistoric.html,https://en.wikipedia.org/wiki/Megalith,www.art-and-archaeology.com
55,http://www.eupedia.com/forum/threads/33448-Southern-Neolithic-route-brought-Megaliths-from-the-Levant-to-Western-Europe,https://en.wikipedia.org/wiki/Megalith,www.eupedia.com
60,http://m.sg.hu/listazas_msg.php3?id=1170350976&no=20,https://en.wikipedia.org/wiki/Megalith,m.sg.hu
38,http://visupview.blogspot.com/2016/10/the-soft-doctrines-of-memphis-sam-part_9.html,https://en.wikipedia.org/wiki/Megalith,visupview.blogspot.com
60,http://s3.cn.bing.net/knows/search?q=Megalithic+Temples+of+Malta&mkt=zh-cn,https://en.wikipedia.org/wiki/Megalith,s3.cn.bing.net
60,https://sg.hu/forum/tema/1170350976,https://en.wikipedia.org/wiki/Megalith,sg.hu
60,https://ir.computing.edgehill.ac.uk/apps/storyana/write/Megalith,https://en.wikipedia.org/wiki/Megalith,ir.computing.edgehill.ac.uk
55,http://maps.thefullwiki.org/Megalith,https://en.wikipedia.org/wiki/Megalith,maps.thefullwiki.org
55,http://www.burger.si/geo/megalit.html,https://en.wikipedia.org/wiki/Megalith,www.burger.si
55,http://erteknikenerji.com/index.php?option=com_k2&view=itemlist&task=user&id=937783,https://en.wikipedia.org/wiki/Megalith,erteknikenerji.com
56,http://www.worldportsource.com/ports/review/KOR_Port_of_Pohang_1487.php,https://en.wikipedia.org/wiki/Megalith,www.worldportsource.com
57,http://www.slideserve.com/klaus/stonehenge,https://en.wikipedia.org/wiki/Megalith,www.slideserve.com
56,http://worldportsource.com/ports/review/KOR_Port_of_Pohang_1487.php,https://en.wikipedia.org/wiki/Megalith,worldportsource.com
56,http://qa.worldportsource.com/ports/review/KOR_Port_of_Pohang_1487.php,https://en.wikipedia.org/wiki/Megalith,qa.worldportsource.com
45,https://roelhollander.eu/en/blog-music/zodiac-signs-and-tonality/,https://en.wikipedia.org/wiki/Megalith,roelhollander.eu
52,http://www.casajungla.it/index.php?option=com_k2&view=itemlist&task=user&id=518452,https://en.wikipedia.org/wiki/Megalith,www.casajungla.it
52,http://offtop.ru/way9/v15_515647_.php,https://en.wikipedia.org/wiki/Megalith,offtop.ru
52,http://www.streetgangs.com/billboard/viewtopic.php?t=13067&start=256,https://en.wikipedia.org/wiki/Megalith,www.streetgangs.com
56,http://arthistoryresources.net/art-and-eternity-2017/art-and-eternity-schedule.html,https://en.wikipedia.org/wiki/Megalith,arthistoryresources.net
57,http://moc-pages.com/group_conversation.php?id=2287&topicid=19002,https://en.wikipedia.org/wiki/Megalith,moc-pages.com
56,http://forums.bungie.org/halo/archive34.pl?read=1025766,https://en.wikipedia.org/wiki/Megalith,forums.bungie.org
46,https://avebuzz.com/community/blog/view/35634/swimming-pool-safety-guidelines-for-a-safe-swimming-experience,https://en.wikipedia.org/wiki/Megalith,avebuzz.com
55,http://www.fact-index.com/m/me/megalith.html,https://en.wikipedia.org/wiki/Megalith,www.fact-index.com
57,https://www.stormfront.org/forum/t68732-4/,https://en.wikipedia.org/wiki/Megalith,www.stormfront.org
56,http://dict.woxikon.com/en-es/megalith,https://en.wikipedia.org/wiki/Megalith,dict.woxikon.com
56,http://www.woxikon.com/en/megalith,https://en.wikipedia.org/wiki/Megalith,www.woxikon.com
59,http://en.wikiwix.com/?lang=en&action=Cist,https://en.wikipedia.org/wiki/Megalith,en.wikiwix.com
16,http://aldbeenpaintwall.blogspot.com/,https://en.wikipedia.org/wiki/Megalith,aldbeenpaintwall.blogspot.com
51,http://hauntedamericatours.com/haunted/HAUNTEDCEMETERY.php,https://en.wikipedia.org/wiki/Megalith,hauntedamericatours.com
53,http://ac24.cz/zpravy-ze-sveta/3642-nove-objevene-megaliticke-ruiny-v-rusku-obsahuji-nejvetsi-kdy-objevene-kamenne-bloky,https://en.wikipedia.org/wiki/Megalith,ac24.cz
40,http://chibalove33.blogspot.com/2016/01/,https://en.wikipedia.org/wiki/Megalith,chibalove33.blogspot.com
51,http://www.qwika.com/find/Megalithic,https://en.wikipedia.org/wiki/Megalith,www.qwika.com
50,http://metaglossary.com/define/megalith,https://en.wikipedia.org/wiki/Megalith,metaglossary.com
56,https://everipedia.org/wiki/Megalith/,https://en.wikipedia.org/wiki/Megalith,everipedia.org
47,https://travelfranceonline.com/champ-dolent-menhir-near-dol-de-bretagne/,https://en.wikipedia.org/wiki/Megalith,travelfranceonline.com
48,http://edwardbetts.com/find_link/Ystad,https://en.wikipedia.org/wiki/Megalith,edwardbetts.com
55,http://kamgcoffee.net/index.php/component/k2/itemlist/user/797638,https://en.wikipedia.org/wiki/Megalith,kamgcoffee.net
56,https://www.nationstates.net/nation=korva/detail=factbook/id=325473,https://en.wikipedia.org/wiki/Megalith,www.nationstates.net
53,http://gnd.eurospider.com/s?id=4169266-4&q=&ddc=726&e=npsufbg&i=sfA&sm=m&so=r,https://en.wikipedia.org/wiki/Megalith,gnd.eurospider.com
55,http://www.marefa.org/index.php/ميجليث,https://en.wikipedia.org/wiki/Megalith,www.marefa.org
49,http://www.think-aboutit.com/dr-lessin-of-u-c-l-a-aliens-are-responsible-for-moving-and-fitting-megalithic-stones-in-ancient-times/,https://en.wikipedia.org/wiki/Megalith,www.think-aboutit.com
50,http://www.metaglossary.com/define/megalith,https://en.wikipedia.org/wiki/Megalith,www.metaglossary.com
54,https://forum.wurmonline.com/index.php?/profile/363-eliasthecrimson/content/&type=forums_topic_post&page=192,https://en.wikipedia.org/wiki/Megalith,forum.wurmonline.com
55,http://marefa.org/index.php/ميجليث,https://en.wikipedia.org/wiki/Megalith,marefa.org
54,http://sunsationgroup.com/index.php/en/component/k2/itemlist/user/160986,https://en.wikipedia.org/wiki/Megalith,sunsationgroup.com
41,http://paranormalauthors.blogspot.com/2007/06/,https://en.wikipedia.org/wiki/Megalith,paranormalauthors.blogspot.com
50,http://babelnet.org/synset?lang=GL&word=wn:03743016n,https://en.wikipedia.org/wiki/Megalith,babelnet.org
37,http://www.emboldenadventures.com/mysterious-stonehenge/,https://en.wikipedia.org/wiki/Megalith,www.emboldenadventures.com
50,https://epo.wikitrans.net/Pictogram,https://en.wikipedia.org/wiki/Megalith,epo.wikitrans.net
54,https://end.translatum.gr/w/index.php?title=megalith,https://en.wikipedia.org/wiki/Megalith,end.translatum.gr
54,https://wiki2.org/en/Megalith,https://en.wikipedia.org/wiki/Megalith,wiki2.org
53,https://www.worldfamilies.net/forum/index.php?topic=10503.msg128934,https://en.wikipedia.org/wiki/Megalith,www.worldfamilies.net
54,http://www.wiki.mrmoseley.co.uk/Suggestions_For_Developing_A_Design_Train_Set,https://en.wikipedia.org/wiki/Megalith,www.wiki.mrmoseley.co.uk
53,http://www.forum.hr/showthread.php?t=187450&page=58,https://en.wikipedia.org/wiki/Megalith,www.forum.hr
53,http://translationdirectory.com/glossaries/glossary336.php,https://en.wikipedia.org/wiki/Megalith,translationdirectory.com
51,https://slo-tech.com/forum/t443900,https://en.wikipedia.org/wiki/Megalith,slo-tech.com
53,http://projectavalon.net/forum4/showthread.php?68946-Megaliths-found-in-Southern-Siberia/page2&highlight=Shoriya,https://en.wikipedia.org/wiki/Megalith,projectavalon.net
47,http://atlantisforschung.de/index.php?title=Fatih_Hodžić,https://en.wikipedia.org/wiki/Megalith,atlantisforschung.de
53,http://russia-ic.com/travel/places/1000/,https://en.wikipedia.org/wiki/Megalith,russia-ic.com
53,http://www.historychannel.com.au/teachers-guide/america-unearthed-secret-blueprint-america/,https://en.wikipedia.org/wiki/Megalith,www.historychannel.com.au
45,https://paleoforum.ru/index.php?topic=9460.0,https://en.wikipedia.org/wiki/Megalith,paleoforum.ru
51,http://art-and-archaeology.com/timelines/europe/prehistoric.html,https://en.wikipedia.org/wiki/Megalith,art-and-archaeology.com
49,http://www.nohomers.net/showthread.php?97943-Burger-King-introduces-bacon-sundae&goto=nextoldest,https://en.wikipedia.org/wiki/Megalith,www.nohomers.net
51,http://www.wopular.com/why-our-ancestors-built-round-houses-and-why-it-still-makes-sense-build-round-structures-today,https://en.wikipedia.org/wiki/Megalith,www.wopular.com
51,http://www.early-retirement.org/forums/misc.php?postid=618259&threadid=33448&external_page=http://en.wikipedia.org/wiki/Megalith,https://en.wikipedia.org/wiki/Megalith,www.early-retirement.org
49,http://www.miestai.net/forumas/showthread.php?t=5063&page=3,https://en.wikipedia.org/wiki/Megalith,www.miestai.net
47,http://www.quazoo.com/q/Prehistoric_religion,https://en.wikipedia.org/wiki/Megalith,www.quazoo.com
38,http://hellenic-culture.gr/en/world/,https://en.wikipedia.org/wiki/Megalith,hellenic-culture.gr
45,http://contactform24.com/megerlift.com/,https://en.wikipedia.org/wiki/Megalith,contactform24.com
49,http://www.m.miestai.net/forumas/showthread.php?t=5063&page=3,https://en.wikipedia.org/wiki/Megalith,www.m.miestai.net
50,http://www.memidex.com/megalith,https://en.wikipedia.org/wiki/Megalith,www.memidex.com
50,http://www.encyklopedia.biolog.pl/index.php?haslo=Plik:Taula-Menorca.jpg,https://en.wikipedia.org/wiki/Megalith,www.encyklopedia.biolog.pl
0,http://plantigrade.blogspot.com/2006/08/jumps-and-bumps.html,https://en.wikipedia.org/wiki/Megalith,plantigrade.blogspot.com
48,http://enc.tfode.com/Megalith,https://en.wikipedia.org/wiki/Megalith,enc.tfode.com
51,http://www.murugan.org/research/saluvankuppam.kovil.discovery.htm,https://en.wikipedia.org/wiki/Megalith,www.murugan.org
50,http://forum.skalman.nu/viewtopic.php?t=39308&start=45,https://en.wikipedia.org/wiki/Megalith,forum.skalman.nu
45,http://www.acpasion.net/foro/showthread.php?26761-MUNDOTEKA-1-Europa/page156,https://en.wikipedia.org/wiki/Megalith,www.acpasion.net
45,http://www.theinfolist.com/php/HTMLGet.php?FindGo=Cup_and_ring_mark,https://en.wikipedia.org/wiki/Megalith,www.theinfolist.com
50,http://www.english-bangla.com/dictionary/megalith,https://en.wikipedia.org/wiki/Megalith,www.english-bangla.com
49,http://kairos.laetusinpraesens.org/whstrat_1_h_7,https://en.wikipedia.org/wiki/Megalith,kairos.laetusinpraesens.org
43,http://galaksija.info/forum/viewtopic.php?f=10&t=939&start=60,https://en.wikipedia.org/wiki/Megalith,galaksija.info
44,http://pixelrz.com/lists/linkedkeys/megalith/,https://en.wikipedia.org/wiki/Megalith,pixelrz.com
45,http://metafysiko.gr/forum/showthread.php?t=3669&page=3,https://en.wikipedia.org/wiki/Megalith,metafysiko.gr
46,https://howlingpixel.com/wiki/Megalith,https://en.wikipedia.org/wiki/Megalith,howlingpixel.com
48,http://forum.andrewgough.co.uk/viewtopic.php?f=4&t=3943,https://en.wikipedia.org/wiki/Megalith,forum.andrewgough.co.uk
48,http://worldwork.org/worldwork2008london/uk_regional_information.html,https://en.wikipedia.org/wiki/Megalith,worldwork.org
48,http://www.forum.andrewgough.co.uk/viewtopic.php?f=4&t=3943,https://en.wikipedia.org/wiki/Megalith,www.forum.andrewgough.co.uk
49,https://laetusinpraesens.org/docs10s/whstrat.php,https://en.wikipedia.org/wiki/Megalith,laetusinpraesens.org
49,http://meddic.jp/megalith,https://en.wikipedia.org/wiki/Megalith,meddic.jp
49,http://devtome.com/doku.php?id=knowth_ireland_the_history_of_megalithic_architecture,https://en.wikipedia.org/wiki/Megalith,devtome.com
49,http://www.devtome.com/doku.php?id=knowth_ireland_the_history_of_megalithic_architecture,https://en.wikipedia.org/wiki/Megalith,www.devtome.com
48,http://www.worldwork.org/worldwork2008london/uk_regional_information.html,https://en.wikipedia.org/wiki/Megalith,www.worldwork.org
45,http://www.metafysiko.gr/forum/printthread.php?t=3669&pp=40,https://en.wikipedia.org/wiki/Megalith,www.metafysiko.gr
39,https://www.watcherstalk.com/the-stones/,https://en.wikipedia.org/wiki/Megalith,www.watcherstalk.com
40,http://www.culturesocietyblog.com/2017/03/tracing-lost-megalithic-cultures-from.html,https://en.wikipedia.org/wiki/Megalith,www.culturesocietyblog.com
49,http://europetelephones.com/Europe/wi=Megalith,https://en.wikipedia.org/wiki/Megalith,europetelephones.com
48,http://www.forumbiodiversity.com/showthread.php/117-White-Latin-Americans/page9,https://en.wikipedia.org/wiki/Megalith,www.forumbiodiversity.com
45,https://ramanan50.wordpress.com/2014/05/21/tamil-culture-part-of-sanatana-dharma/,https://en.wikipedia.org/wiki/Megalith,ramanan50.wordpress.com
45,http://science.interactiva.org/Social_Sciences/Archaeology/Topics/Megaliths/,https://en.wikipedia.org/wiki/Megalith,science.interactiva.org
44,http://sites.in4net.com/jewellery-wiki/,https://en.wikipedia.org/wiki/Megalith,sites.in4net.com
47,http://www.celephais.net/board/view_thread.php?id=10196&start=1953&end=1977,https://en.wikipedia.org/wiki/Megalith,www.celephais.net
47,http://celephais.net/board/view_thread.php?id=10196&start=1953&end=1977,https://en.wikipedia.org/wiki/Megalith,celephais.net
41,http://www.megalith.dk/links.htm,https://en.wikipedia.org/wiki/Megalith,www.megalith.dk
43,http://www.galaksija.info/forum/viewtopic.php?f=10&t=939&start=60,https://en.wikipedia.org/wiki/Megalith,www.galaksija.info
43,http://www.mojaslovenija.si/geo/megalit.html,https://en.wikipedia.org/wiki/Megalith,www.mojaslovenija.si
47,http://www.onlineobchody.com/fff.php?q=Kamenn%E9+mo%F8e,https://en.wikipedia.org/wiki/Megalith,www.onlineobchody.com
41,http://megalith.dk/links.htm,https://en.wikipedia.org/wiki/Megalith,megalith.dk
46,http://dict.qeto.com/q/megalith,https://en.wikipedia.org/wiki/Megalith,dict.qeto.com
46,http://gmonster320.blogspot.com/2012/12/ancients-aliens.html,https://en.wikipedia.org/wiki/Megalith,gmonster320.blogspot.com
43,http://www.thefoolwiki.org/Megalith,https://en.wikipedia.org/wiki/Megalith,www.thefoolwiki.org
46,http://mail.devcoin.org/devtome.com/doku.php?id=knowth_ireland_the_history_of_megalithic_architecture,https://en.wikipedia.org/wiki/Megalith,mail.devcoin.org
45,http://arheo.com.mk/2009/01/31/stonehenges-around-the-world-2/,https://en.wikipedia.org/wiki/Megalith,arheo.com.mk
39,http://wakinguponturtleisland.blogspot.com/2014/04/the-stonewall-dilemma-2014.html,https://en.wikipedia.org/wiki/Megalith,wakinguponturtleisland.blogspot.com
44,http://picsforkeywordsuggestion.com/pages/linkedkeys/megalith/,https://en.wikipedia.org/wiki/Megalith,picsforkeywordsuggestion.com
44,http://incolors.club/collectionndwn-neolithic-houses-middle-east.htm,https://en.wikipedia.org/wiki/Megalith,incolors.club
45,http://www.zmetravel.com/tag/megalith,https://en.wikipedia.org/wiki/Megalith,www.zmetravel.com
39,http://miscellaneous-pics.blogspot.com/2009/09/,https://en.wikipedia.org/wiki/Megalith,miscellaneous-pics.blogspot.com
45,http://www.theorderoftime.com/ned/leden/harry/index.php/Site/2-2-1SysteemleerEnSpiegel2,https://en.wikipedia.org/wiki/Megalith,www.theorderoftime.com
43,http://www.wikiomni.com/pages/Megalith,https://en.wikipedia.org/wiki/Megalith,www.wikiomni.com
45,http://www.byscrj.com/jmm/Ancient.Aliens.htm,https://en.wikipedia.org/wiki/Megalith,www.byscrj.com
43,http://factbook.org/wikipedia/en/m/me/megalith.html,https://en.wikipedia.org/wiki/Megalith,factbook.org
43,http://www.factbook.org/wikipedia/en/m/me/megalith.html,https://en.wikipedia.org/wiki/Megalith,www.factbook.org
43,http://www.semanlink.net/tag/megalith.html,https://en.wikipedia.org/wiki/Megalith,www.semanlink.net
37,http://theorderoftime.org/ned/leden/harry/pmwiki.php/Site/2-2-1SysteemleerEnSpiegel2,https://en.wikipedia.org/wiki/Megalith,theorderoftime.org
44,http://www.bitcoinaddict.com/devtome.com/doku.php?id=knowth_ireland_the_history_of_megalithic_architecture,https://en.wikipedia.org/wiki/Megalith,www.bitcoinaddict.com
33,http://stretchingtheboundaries.blogspot.com/2013/05/,https://en.wikipedia.org/wiki/Megalith,stretchingtheboundaries.blogspot.com
39,http://weightlossd.review/pages/03/megalith.htm,https://en.wikipedia.org/wiki/Megalith,weightlossd.review
44,https://www.shrinemaiden.org/forum/index.php?topic=1551.60,https://en.wikipedia.org/wiki/Megalith,www.shrinemaiden.org
43,http://amedleyofpotpourri.blogspot.com/2014/09/sahara-from-wikipedia-free-encyclopedia.html,https://en.wikipedia.org/wiki/Megalith,amedleyofpotpourri.blogspot.com
43,https://mannaismayaadventure.com/2011/10/20/yonaguni-monument-the-mysterious-underwater-structure/,https://en.wikipedia.org/wiki/Megalith,mannaismayaadventure.com
37,https://losdave.blogspot.com/2016/01/misty-mountain-hop.html,https://en.wikipedia.org/wiki/Megalith,losdave.blogspot.com
43,https://mara-gamiel.blogspot.com/2007/04/avebury.html,https://en.wikipedia.org/wiki/Megalith,mara-gamiel.blogspot.com
43,https://www.eclipseorigins.com/Thread-New-feel-of-FSO,https://en.wikipedia.org/wiki/Megalith,www.eclipseorigins.com
43,http://dir.abroadeducation.com.np/Dong_Nai_Province_Temples/,https://en.wikipedia.org/wiki/Megalith,dir.abroadeducation.com.np
42,http://endlessforest.org/community/node/46106,https://en.wikipedia.org/wiki/Megalith,endlessforest.org
40,http://www.trussty.com/2013/08/efforts-to-uncover-mystery-of-gunung.html,https://en.wikipedia.org/wiki/Megalith,www.trussty.com
39,http://marinduquegov.blogspot.com/2012/07/sayao-bays-twists-and-turns.html,https://en.wikipedia.org/wiki/Megalith,marinduquegov.blogspot.com
39,http://www.weightlossreviewed.info/pages/03/megalith.htm,https://en.wikipedia.org/wiki/Megalith,www.weightlossreviewed.info
42,http://minesky.site/pages/03/megalith/,https://en.wikipedia.org/wiki/Megalith,minesky.site
43,https://sciencesprings.wordpress.com/tag/archaeology/page/2/,https://en.wikipedia.org/wiki/Megalith,sciencesprings.wordpress.com
42,http://www.endlessforest.org/community/node/46106,https://en.wikipedia.org/wiki/Megalith,www.endlessforest.org
42,https://wikipedia.kfd.me/wiki/巨石文化,https://en.wikipedia.org/wiki/Megalith,wikipedia.kfd.me
43,http://biketourbuzz.com/guide-taking-bike-tour-mallorca,https://en.wikipedia.org/wiki/Megalith,biketourbuzz.com
35,https://www.roelsworld.eu/en/blog-music/zodiac-signs-and-tonality/,https://en.wikipedia.org/wiki/Megalith,www.roelsworld.eu
38,http://www.valiquet.com/sumba-of-horses-and-men.html,https://en.wikipedia.org/wiki/Megalith,www.valiquet.com
28,http://kethermuse.com/index.php/unfolding-the-matrix/stone-lore,https://en.wikipedia.org/wiki/Megalith,kethermuse.com
36,http://www.infomutt.com/w/wo/world_heritage_sites.html,https://en.wikipedia.org/wiki/Megalith,www.infomutt.com
36,http://infomutt.com/w/wo/world_heritage_sites.html,https://en.wikipedia.org/wiki/Megalith,infomutt.com
42,http://djrankings.org/DJ-LORIENT,https://en.wikipedia.org/wiki/Megalith,djrankings.org
42,http://www.djrankings.org/DJ-LORIENT,https://en.wikipedia.org/wiki/Megalith,www.djrankings.org
41,https://shrineodreams.wordpress.com/category/archaeology/,https://en.wikipedia.org/wiki/Megalith,shrineodreams.wordpress.com
41,http://crosswordnexus.com/word/MEGALITH,https://en.wikipedia.org/wiki/Megalith,crosswordnexus.com
41,http://www.mamjo.com/forum/index.php?topic=427819.msg4379757,https://en.wikipedia.org/wiki/Megalith,www.mamjo.com
38,https://www.moonwards.com/2016/09/21/the-pyramid-paradigm.html,https://en.wikipedia.org/wiki/Megalith,www.moonwards.com
47,http://www.keyword-suggest-tool.com/search/what+is+a+megalithic+culture/,https://en.wikipedia.org/wiki/Megalith,www.keyword-suggest-tool.com
35,http://www.maisinggah.com/tempat-menarik-di-port-dickson/,https://en.wikipedia.org/wiki/Megalith,www.maisinggah.com
24,http://5temmuz2009.blogspot.com/2009/07/tarih-derslerini-yalanlayan-yer.html,https://en.wikipedia.org/wiki/Megalith,5temmuz2009.blogspot.com
39,http://www.alexisknight.co.uk/family-photos-at-the-rollright-stones/,https://en.wikipedia.org/wiki/Megalith,www.alexisknight.co.uk
41,https://www.crosswordnexus.com/word/MEGALITH,https://en.wikipedia.org/wiki/Megalith,www.crosswordnexus.com
41,http://www.nanotechnik.ceast.de/nanoversiegelung/s/Steinkisten.html,https://en.wikipedia.org/wiki/Megalith,www.nanotechnik.ceast.de
41,http://www.wordscope.com/f2712/none/health/translation/english/french/u/european_legal.htm,https://en.wikipedia.org/wiki/Megalith,www.wordscope.com
40,http://mehriran.tv/article_read.php?a=480,https://en.wikipedia.org/wiki/Megalith,mehriran.tv
39,http://www.bioreference.net/encyclopedia/wikipedia/m/me/megalith.html,https://en.wikipedia.org/wiki/Megalith,www.bioreference.net
40,http://global-citizen-01.blogspot.com/2011/06/pasola-horseback-fighting-of-west-sumba.html,https://en.wikipedia.org/wiki/Megalith,global-citizen-01.blogspot.com
37,http://www.sfmb.gamerspage.com/viewtopic.php?p=59263,https://en.wikipedia.org/wiki/Megalith,www.sfmb.gamerspage.com
37,http://politicsinn.com/happy-50th-independence-day-to-malta-independence-day-malta-independence-from-the-united-kingdom-on-21st-sept-1964/,https://en.wikipedia.org/wiki/Megalith,politicsinn.com
41,https://retrorambling.wordpress.com/2014/03/19/round-britain-by-railway-posters-isle-of-man/,https://en.wikipedia.org/wiki/Megalith,retrorambling.wordpress.com
41,http://e-biznes.info/pages/03/megalith/,https://en.wikipedia.org/wiki/Megalith,e-biznes.info
29,http://primeross.blogspot.com/2011/07/,https://en.wikipedia.org/wiki/Megalith,primeross.blogspot.com
31,http://moonwards1.blogspot.com/,https://en.wikipedia.org/wiki/Megalith,moonwards1.blogspot.com
40,http://purehistory.org/malta/,https://en.wikipedia.org/wiki/Megalith,purehistory.org
30,http://the-stonehenge-enigma.co.uk/,https://en.wikipedia.org/wiki/Megalith,the-stonehenge-enigma.co.uk
34,http://intuitivefred888.blogspot.com/2017/06/avebury-wikipedia-and-avebury-standing.html,https://en.wikipedia.org/wiki/Megalith,intuitivefred888.blogspot.com
39,http://mr.upakram.org/node/3448,https://en.wikipedia.org/wiki/Megalith,mr.upakram.org
40,http://www.danbalogh.com/schunemunk.html,https://en.wikipedia.org/wiki/Megalith,www.danbalogh.com
40,https://www.mrowl.com/community/us/religion/small_religions/paganism,https://en.wikipedia.org/wiki/Megalith,www.mrowl.com
38,https://www.kei-goed.be/product/megalithic-stenen-uit-het-verre-verleden/,https://en.wikipedia.org/wiki/Megalith,www.kei-goed.be
39,http://historica.ru/index.php?showtopic=7264&st=180,https://en.wikipedia.org/wiki/Megalith,historica.ru
39,http://www.dcedu.ie/index.php/2016/05/03/dublin-early-history-2/,https://en.wikipedia.org/wiki/Megalith,www.dcedu.ie
52,http://www.theeventchronicle.com/study/healing-sound-ancient-temples-111hz/,http://www.ancient-origins.net/opinion-guest-authors/they-re-alive-megalithic-sites-are-more-just-stone-005827?nopaging=1,www.theeventchronicle.com
55,https://www.one-tab.com/page/yGpafVXITZOjgNHYGrt72w,http://www.ancient-origins.net/opinion-guest-authors/they-re-alive-megalithic-sites-are-more-just-stone-005827,www.one-tab.com
58,http://www.daikynguyenvn.com/khoa-hoc-cong-nghe/chung-dang-song-cac-cong-trinh-cu-thach-khong-chi-la-cac-tang-da.html,http://www.ancient-origins.net/opinion-guest-authors/they-re-alive-megalithic-sites-are-more-just-stone-005827?nopaging=1,www.daikynguyenvn.com
53,https://www.learning-mind.com/megalithic-structures-alive/,http://www.ancient-origins.net/opinion-guest-authors/they-re-alive-megalithic-sites-are-more-just-stone-005827,www.learning-mind.com
44,http://marcolarosa.blogspot.com/2016/05/,http://www.ancient-origins.net/opinion-guest-authors/they-re-alive-megalithic-sites-are-more-just-stone-005827?nopaging=1,marcolarosa.blogspot.com
51,http://www.segnidalcielo.it/i-megaliti-sono-in-grado-di-generare-campi-di-energia/,http://www.ancient-origins.net/opinion-guest-authors/they-re-alive-megalithic-sites-are-more-just-stone-005827?nopaging=1,www.segnidalcielo.it
44,http://silentcircle.co.uk/healing-sound-ancient-temples-111hz/,http://www.ancient-origins.net/opinion-guest-authors/they-re-alive-megalithic-sites-are-more-just-stone-005827?nopaging=1,silentcircle.co.uk
33,http://thelamplight.ca/schematicoftime/whiteshell.htm,http://www.ancient-origins.net/opinion-guest-authors/they-re-alive-megalithic-sites-are-more-just-stone-005827,thelamplight.ca
45,http://www.proxywhore.com/invboard/index.php?/topic/322721-they’re-alive-megalithic-sites-are-more-than-just-stone/,http://www.ancient-origins.net/opinion-guest-authors/they-re-alive-megalithic-sites-are-more-just-stone-005827?nopaging=1,www.proxywhore.com
38,http://titlemagic.blogspot.com/2016/05/,http://www.ancient-origins.net/opinion-guest-authors/they-re-alive-megalithic-sites-are-more-just-stone-005827?nopaging=1,titlemagic.blogspot.com
43,http://earthboppin.net/cgi-bin/talkrec.cgi?submit=lt&baseurl=http://www.earthboppin.net/talkshop/wows&msg_num=24789,http://www.ancient-origins.net/opinion-guest-authors/they-re-alive-megalithic-sites-are-more-just-stone-005827?nopaging=1,earthboppin.net
43,http://www.earthboppin.net/cgi-bin/talkrec.cgi?submit=lt&baseurl=http://www.earthboppin.net/talkshop/wows&msg_num=24789,http://www.ancient-origins.net/opinion-guest-authors/they-re-alive-megalithic-sites-are-more-just-stone-005827?nopaging=1,www.earthboppin.net
42,https://ellisctaylor.com/2017/08/14/14th-august-2017-howlin-at-the-moon-news-featuresellisctaylor-com/,http://www.ancient-origins.net/opinion-guest-authors/they-re-alive-megalithic-sites-are-more-just-stone-005827?nopaging=1,ellisctaylor.com
41,https://sageofquayradio.blogspot.com/2016/06/theyre-alive-megalithic-sites-are-more.html,http://www.ancient-origins.net/opinion-guest-authors/they-re-alive-megalithic-sites-are-more-just-stone-005827?nopaging=1,sageofquayradio.blogspot.com
41,http://www.petermaxwellslattery.com/blog--news/theyre-alive-megalithic-sites-are-more-than-just-stone,http://www.ancient-origins.net/opinion-guest-authors/they-re-alive-megalithic-sites-are-more-just-stone-005827?nopaging=1,www.petermaxwellslattery.com
39,http://www.lovingenergies.net/blog.htm?b=&tagged=Edge&cachecommand=bypass&pageindex=19,http://www.ancient-origins.net/opinion-guest-authors/they-re-alive-megalithic-sites-are-more-just-stone-005827?nopaging=1,www.lovingenergies.net
35,https://www.atlantis-indonesia.org/2016/05/situs-megalitik-tak-sekedar-situs-batu/,http://www.ancient-origins.net/opinion-guest-authors/they-re-alive-megalithic-sites-are-more-just-stone-005827,www.atlantis-indonesia.org
38,http://www.pagan-heart.net/forum/index.php?topic=3990.0,http://www.ancient-origins.net/opinion-guest-authors/they-re-alive-megalithic-sites-are-more-just-stone-005827,www.pagan-heart.net
31,http://ancientmistery.weebly.com/ancient-origins.html,http://www.ancient-origins.net/opinion-guest-authors/they-re-alive-megalithic-sites-are-more-just-stone-005827,ancientmistery.weebly.com
36,https://www.seekingthetruth.info/these-stones-are-alive-megalithic-sites-are-more-than-just-stone/,http://www.ancient-origins.net/opinion-guest-authors/they-re-alive-megalithic-sites-are-more-just-stone-005827?nopaging=1,www.seekingthetruth.info
33,http://www.thelamplight.ca/schematicoftime/tie4.htm,http://www.ancient-origins.net/opinion-guest-authors/they-re-alive-megalithic-sites-are-more-just-stone-005827,www.thelamplight.ca
35,http://vanghe.blogspot.com/2016/05/chung-ang-song-cac-cong-trinh-cu-thach.html,http://www.ancient-origins.net/opinion-guest-authors/they-re-alive-megalithic-sites-are-more-just-stone-005827?nopaging=1,vanghe.blogspot.com
18,https://maccy50.wordpress.com/category/ancient-geometry/,http://www.ancient-origins.net/opinion-guest-authors/they-re-alive-megalithic-sites-are-more-just-stone-005827/page/0/1,maccy50.wordpress.com
0,http://213.239.212.247/megalitiska-monument-mer-an-bara-stenar/,http://www.ancient-origins.net/opinion-guest-authors/they-re-alive-megalithic-sites-are-more-just-stone-005827?nopaging=1,213.239.212.247
9,http://www.chinastoneagent.com/California-Stone-Granite-Engineer-bar-top.html,http://www.ancient-origins.net/opinion-guest-authors/they-re-alive-megalithic-sites-are-more-just-stone-005827,www.chinastoneagent.com
11,http://www.fstones.com/California-Stone-Granite-Engineer-bar-top.html,http://www.ancient-origins.net/opinion-guest-authors/they-re-alive-megalithic-sites-are-more-just-stone-005827,www.fstones.com
10,http://www.graniteb2b.com/Western-Australia-Stone-Engineer-bar-top.html,http://www.ancient-origins.net/opinion-guest-authors/they-re-alive-megalithic-sites-are-more-just-stone-005827,www.graniteb2b.com
6,http://www.tstones.com/South-Australia-Stone-Granite-Engineer-bar-top.html,http://www.ancient-origins.net/opinion-guest-authors/they-re-alive-megalithic-sites-are-more-just-stone-005827,www.tstones.com
84,https://www.reddit.com/domain/ancient-origins.net,http://www.ancient-origins.net/opinion-guest-authors/they-re-alive-megalithic-sites-are-more-just-stone-005827,www.reddit.com
55,http://knowledgenuts.com/2014/02/14/the-many-different-types-of-megalith/,http://www.askaboutireland.ie/reading-room/history-heritage/monuments-built-heritage/Ancient-monuments-up-to-1/late-stone-age-megalithic/,knowledgenuts.com
62,http://51.xmbs.jp/luvxx-50382-bbs_res.php?serial=2524684&page3=24&page=b&guid=on,http://www.askaboutireland.ie/reading-room/history-heritage/monuments-built-heritage/Ancient-monuments-up-to-1/late-stone-age-megalithic/,51.xmbs.jp
52,http://www.theapricity.com/forum/showthread.php?117132-The-Many-Different-Types-Of-Megalith,http://www.askaboutireland.ie/reading-room/history-heritage/monuments-built-heritage/Ancient-monuments-up-to-1/late-stone-age-megalithic/,www.theapricity.com
36,http://ukrainians.md/index.php/category/item/770-bii-pid-krutamy-vidomi-i-nevidomi-storinky?tmpl=component&print=1&start=135,http://www.askaboutireland.ie/reading-room/history-heritage/monuments-built-heritage/Ancient-monuments-up-to-1/late-stone-age-megalithic/,ukrainians.md
36,http://www.ukrainians.md/index.php/category/item/770-bii-pid-krutamy-vidomi-i-nevidomi-storinky?tmpl=component&print=1&start=39,http://www.askaboutireland.ie/reading-room/history-heritage/monuments-built-heritage/Ancient-monuments-up-to-1/late-stone-age-megalithic/,www.ukrainians.md
56,http://www.hunebedcentrum.eu/en/,http://www.megalithicroutes.eu/,www.hunebedcentrum.eu
63,http://www.osnabrueck.de/kultur/theater/theater-osnabrueck.html,http://www.megalithicroutes.eu/,www.osnabrueck.de
54,http://culture-routes.net/routes/megalithic,http://www.megalithicroutes.eu/,culture-routes.net
52,http://www.via-regia.org/kulturstrasse/laender.php,http://www.megalithicroutes.eu/,www.via-regia.org
54,http://exarc.net/issue-2015-2/aoam/steinzeitpark-dithmarschen-de-concept-and-development-visitor-oriented,http://www.megalithicroutes.eu/,exarc.net
65,http://gossipgirlworld.blogg.no/tyskland.html,http://www.megalithicroutes.eu/eng/,gossipgirlworld.blogg.no
54,http://www.culture-routes.net/routes/megalithic,http://www.megalithicroutes.eu/,www.culture-routes.net
49,http://www.strassedermegalithkultur.de/de/ueber-die-arbeitsgemeinschaft-megalithkultur,http://www.megalithicroutes.eu/,www.strassedermegalithkultur.de
51,http://www.transromanica.com/de/major-cultural-routes/,http://www.megalithicroutes.eu/,www.transromanica.com
59,https://www.landkreis-osnabrueck.de/der-landkreis/pressestelle/pressemeldungen/38275-vorbereitungen-fuer-findlingstransport-und,http://www.megalithicroutes.eu/en/europaeischer-tag-der-megalithkultur,www.landkreis-osnabrueck.de
48,http://thefairytaletraveler.com/2014/05/15/europe-megalithic-route/,http://www.megalithicroutes.eu/eng/,thefairytaletraveler.com
49,http://www.artlandgolf.de/de/megalithic-routes.html,http://www.megalithicroutes.eu/,www.artlandgolf.de
42,http://www.100tagezeit.de/projektpartner/,http://www.megalithicroutes.eu/de/members/stadt-und-kreisarchaologie-osnabruck,www.100tagezeit.de
50,http://eng.molgen.org/viewtopic.php?f=3&t=1243,http://www.megalithicroutes.eu/i-tyskland1/,eng.molgen.org
51,http://www.geomancy.org/index.php/resources/links,http://www.megalithicroutes.eu/,www.geomancy.org
51,http://geomancy.org/index.php/resources/links,http://www.megalithicroutes.eu/,geomancy.org
54,http://journal.exarc.net/issue-2015-2/aoam/steinzeitpark-dithmarschen-de-concept-and-development-visitor-oriented,http://www.megalithicroutes.eu/,journal.exarc.net
53,http://www.lwl-landesmuseum-herne.de/blog/tag-der,http://www.megalithicroutes.eu/,www.lwl-landesmuseum-herne.de
49,http://strassedermegalithkultur.de/de/ueber-die-arbeitsgemeinschaft-megalithkultur,http://www.megalithicroutes.eu/,strassedermegalithkultur.de
49,http://artlandgolf.de/de/megalithic-routes.html,http://www.megalithicroutes.eu/,artlandgolf.de
41,http://www.megalithe.be/megalitheur,http://www.megalithicroutes.eu/da/individual/torben-dehn-ma,www.megalithe.be
54,https://en.seokicks.de/backlinks/neues.aoeza.de,http://www.megalithicroutes.eu/,en.seokicks.de
54,https://www.seokicks.de/backlinks/neues.aoeza.de,http://www.megalithicroutes.eu/,www.seokicks.de
52,http://via-regia.org/kulturstrasse/laender.php,http://www.megalithicroutes.eu/,via-regia.org
54,http://www.emmen.nu/nieuws/regio/375088/hein-klompmaker-voorzitter-megalithic-routes.html,http://www.megalithicroutes.eu/,www.emmen.nu
41,http://megalithe.be/megalitheur,http://www.megalithicroutes.eu/da/individual/torben-dehn-ma,megalithe.be
54,http://www.exarc.net/history/european-route-megalithic-culture-established,http://www.megalithicroutes.eu/,www.exarc.net
50,http://www.geoparkodsherred.dk/odsherred/plejerupdyssen,http://www.megalithicroutes.eu/i-danmark/,www.geoparkodsherred.dk
40,http://www.artland-golfclub.de/de/megalithic-routes.html,http://www.megalithicroutes.eu/,www.artland-golfclub.de
54,http://projects.exarc.net/history/megalithic-routes-elects-new-board,http://www.megalithicroutes.eu/,projects.exarc.net
40,http://www.blogdeifenici.it/coe-cultural-routes/,http://www.megalithicroutes.eu/projektet/,www.blogdeifenici.it
43,http://placesofpeace.eu/useful-links/,http://www.megalithicroutes.eu/,placesofpeace.eu
49,http://keskustelu.skepsis.fi/Message/Message/390842,http://www.megalithicroutes.eu/,keskustelu.skepsis.fi
50,http://www.molgen.org/eng/viewtopic.php?p=17511,http://www.megalithicroutes.eu/i-tyskland1/,www.molgen.org
46,http://openarch.eu/history/megalithic-routes-elects-new-board,http://www.megalithicroutes.eu/,openarch.eu
50,http://www.eng.molgen.org/viewtopic.php?p=17511,http://www.megalithicroutes.eu/i-tyskland1/,www.eng.molgen.org
48,http://www.linkfang.de/wiki/Straße_der_Megalithkultur,"""http://www.megalithicroutes.eu/das Projekt""",www.linkfang.de
40,http://artland-golfclub.de/de/megalithic-routes.html,http://www.megalithicroutes.eu/,artland-golfclub.de
42,http://www.alter-kanalhof.de/umgebung.html,http://www.megalithicroutes.eu/,www.alter-kanalhof.de
47,http://www.ethericwarriors.com/forum/specific-targets/5418,http://www.megalithicroutes.eu/en/hunebeds-drenthe-netherlands,www.ethericwarriors.com
42,http://alter-kanalhof.de/umgebung.html,http://www.megalithicroutes.eu/,alter-kanalhof.de
37,http://bureauk2.nl/projecten.html,http://www.megalithicroutes.eu/nl/,bureauk2.nl
44,https://osnabrueckkultur.wordpress.com/2013/11/02/8651/,"""http://www.megalithicroutes.eu/das Projekt""",osnabrueckkultur.wordpress.com
35,http://www.archeo-interface.nl/projects/megalithic-routes,http://www.megalithicroutes.eu/,www.archeo-interface.nl
45,http://www.hunebednieuwscafe.nl/2015/07/megalithic-routes/,http://www.megalithicroutes.eu/,www.hunebednieuwscafe.nl
31,http://jflemaire.ddmi.be/megalitheur,http://www.megalithicroutes.eu/da/individual/torben-dehn-ma,jflemaire.ddmi.be
43,http://pelerinsdecompostelle.com/linstitut-europeen-des-itineraires-culturels/,http://www.megalithicroutes.eu/,pelerinsdecompostelle.com
39,http://cms.magischeorte.eu/templates/magischeorte/partner.html,http://www.megalithicroutes.eu/,cms.magischeorte.eu
39,http://magischeorte.eu/templates/magischeorte/partner.html,http://www.megalithicroutes.eu/,magischeorte.eu
39,http://www.magischeorte.eu/templates/magischeorte/partner.html,http://www.megalithicroutes.eu/,www.magischeorte.eu
35,http://archeo-interface.nl/projects/megalithic-routes,http://www.megalithicroutes.eu/,archeo-interface.nl
31,http://www.miriamad.nl/thema/megalieten.html,http://www.megalithicroutes.eu/,www.miriamad.nl
33,http://www.falbygdensmuseum.se/lankar.html,http://www.megalithicroutes.eu/,www.falbygdensmuseum.se
36,http://europetravelerguide.com/about-europe-2/activities/culture/cultural-routes/,http://www.megalithicroutes.eu/projektet/,europetravelerguide.com
32,https://1276orozko.wordpress.com/acerca-de/,http://www.megalithicroutes.eu/,1276orozko.wordpress.com
34,http://www.via-regia-kulturstrasse.org/kulturstrasse/laender.php,http://www.megalithicroutes.eu/,www.via-regia-kulturstrasse.org
34,http://via-regia-kulturstrasse.org/kulturstrasse/laender.php,http://www.megalithicroutes.eu/,via-regia-kulturstrasse.org
33,http://www.triviumect.com/ver/249/bad-iburg-doble-premio-para-trivium-estratexias-en-cultura-e-turismo-s-l--.html,http://www.megalithicroutes.eu/,www.triviumect.com
33,http://triviumect.com/ver/249/bad-iburg-doble-premio-para-trivium-estratexias-en-cultura-e-turismo-s-l--.html,http://www.megalithicroutes.eu/,triviumect.com
33,http://kulturogpilgrimsruter.dk/vandreruter,http://www.megalithicroutes.eu/da/europaradets-kulturruter,kulturogpilgrimsruter.dk
32,http://we-edit.de/de/Straße_der_Megalithkultur,"""http://www.megalithicroutes.eu/das Projekt""",we-edit.de
28,http://www.via-regia-thueringen.de/kulturstrasse/laender.php,http://www.megalithicroutes.eu/,www.via-regia-thueringen.de
28,http://via-regia-thueringen.de/kulturstrasse/laender.php,http://www.megalithicroutes.eu/,via-regia-thueringen.de
29,http://www.steinzeitforschung.de/links/,http://www.megalithicroutes.eu/,www.steinzeitforschung.de
64,http://eprints.bournemouth.ac.uk/21207/,http://www.megalithicroutes.eu/,eprints.bournemouth.ac.uk
64,http://staffprofiles.bournemouth.ac.uk/display/book/174008,http://www.megalithicroutes.eu/,staffprofiles.bournemouth.ac.uk
35,http://www.analoogfotoforum.nl/index.php?topic=19099.0,http://www.megalithicroutes.eu/nl/,www.analoogfotoforum.nl
67,http://www.lwl.org/LWL/Kultur/Altertumskommission/veranstaltungen/megalithik-2016,http://www.megalithicroutes.eu/,www.lwl.org
52,http://www.sitelinks.info/digitaldigging.net/,http://www.megalithicroutes.eu/en/megalithic-europe,www.sitelinks.info
0,http://www.zielińscy.pl/frontpage,http://www.megalithicroutes.eu/,www.zielińscy.pl
0,http://zielińscy.pl/,http://www.megalithicroutes.eu/,zielińscy.pl
67,http://www.wordreference.com/definition/megalith,https://www.merriam-webster.com/dictionary/megalith,www.wordreference.com
60,http://www.funtrivia.com/askft/Question140334.html,https://www.merriam-webster.com/dictionary/megalith,www.funtrivia.com
49,http://rhymes.merriam.com/r/megalith,https://www.merriam-webster.com/dictionary/megalith,rhymes.merriam.com
37,http://mademoisellelek.com/tag/boutique-hotel/,https://www.merriam-webster.com/dictionary/megalith,mademoisellelek.com
39,http://hindi-english.com/dictionary/megalith,https://www.merriam-webster.com/dictionary/megalith,hindi-english.com
37,http://englishandarabic.com/dictionary/megalith,https://www.merriam-webster.com/dictionary/megalith,englishandarabic.com
31,https://www.english-arabic.org/english-to-arabic-meaning-megalith,https://www.merriam-webster.com/dictionary/megalith,www.english-arabic.org
35,https://yousearch.io/Megalith,https://www.merriam-webster.com/dictionary/megalith,yousearch.io
35,http://www.bomingles.com.br/palavras/comeco/me,https://www.merriam-webster.com/dictionary/megalith,www.bomingles.com.br
35,http://englishnfrench.com/dictionary/megalith,https://www.merriam-webster.com/dictionary/megalith,englishnfrench.com
33,https://www.wordgamehelper.com/word/megalith,https://www.merriam-webster.com/dictionary/megalith,www.wordgamehelper.com
30,http://english-portuguese.com/dictionary/megalith,https://www.merriam-webster.com/dictionary/megalith,english-portuguese.com
25,https://www.english-hindi.net/english-to-hindi-meaning-megalith,https://www.merriam-webster.com/dictionary/megalith,www.english-hindi.net
23,https://yiddish.english-dictionary.help/english-to-yiddish-meaning-megalith,https://www.merriam-webster.com/dictionary/megalith,yiddish.english-dictionary.help
23,https://catalan.english-dictionary.help/english-to-catalan-meaning-megalith,https://www.merriam-webster.com/dictionary/megalith,catalan.english-dictionary.help
22,https://www.english-kannada.com/english-to-kannada-meaning-megalith,https://www.merriam-webster.com/dictionary/megalith,www.english-kannada.com
18,https://www.english-nepali.com/english-to-nepali-meaning-megalith,https://www.merriam-webster.com/dictionary/megalith,www.english-nepali.com
15,https://www.english-welsh.net/english-to-welsh-meaning-megalith,https://www.merriam-webster.com/dictionary/megalith,www.english-welsh.net
3,https://www.english-gujarati.com/english-to-gujarati-meaning-megalith,https://www.merriam-webster.com/dictionary/megalith,www.english-gujarati.com
9,https://www.english-punjabi.net/english-to-punjabi-meaning-megalith,https://www.merriam-webster.com/dictionary/megalith,www.english-punjabi.net
48,http://www.learnnext.com/nextgurukul/wiki/concept/CBSE/VI/History/Megaliths.htm,http://www.visual-arts-cork.com/prehistoric/megaliths.htm,www.learnnext.com
34,http://www.buncranahistory.com/wordpress/?p=521,http://www.visual-arts-cork.com/prehistoric/megaliths.htm,www.buncranahistory.com
38,http://www.ancientworldreview.com/2015/07/prehistoric-religion.html,http://www.visual-arts-cork.com/prehistoric/megaliths.htm,www.ancientworldreview.com
34,http://www.cybersearchnet.com/megaliths,http://www.visual-arts-cork.com/prehistoric/megaliths.htm,www.cybersearchnet.com
5,http://infoqk.org/stone-age-levant,http://www.visual-arts-cork.com/prehistoric/megaliths.htm,infoqk.org
36,http://www.stonebusiness.com/Zuschen.html,http://www.visual-arts-cork.com/prehistoric/megaliths.htm,www.stonebusiness.com
5,http://www.infoqk.org/stone-age-levant,http://www.visual-arts-cork.com/prehistoric/megaliths.htm,www.infoqk.org
34,http://www.sandstone-china.com/portugal-stone-slab.html,http://www.visual-arts-cork.com/prehistoric/megaliths.htm,www.sandstone-china.com
30,http://www.chinastonegranite.com/search?q=Zuschen,http://www.visual-arts-cork.com/prehistoric/megaliths.htm,www.chinastonegranite.com
30,http://www.chinastonezone.com/search?q=Zuschen,http://www.visual-arts-cork.com/prehistoric/megaliths.htm,www.chinastonezone.com
30,http://www.chinastonelead.com/search?q=Zuschen,http://www.visual-arts-cork.com/prehistoric/megaliths.htm,www.chinastonelead.com
27,http://infoqk.com/stone-age-levant,http://www.visual-arts-cork.com/prehistoric/megaliths.htm,infoqk.com
22,http://www.stone-express.com/search?q=Zuschen,http://www.visual-arts-cork.com/prehistoric/megaliths.htm,www.stone-express.com
4,http://www.chinagraniteslabs.com/saudi-arabia-stone-slab.html,http://www.visual-arts-cork.com/prehistoric/megaliths.htm,www.chinagraniteslabs.com
9,http://www.chinaonyx.com/search?q=Zuschen,http://www.visual-arts-cork.com/prehistoric/megaliths.htm,www.chinaonyx.com
0,http://www.chinastoneonline.com/search?q=Zuschen,http://www.visual-arts-cork.com/prehistoric/megaliths.htm,www.chinastoneonline.com
9,http://www.marbles.biz/search?q=Zuschen,http://www.visual-arts-cork.com/prehistoric/megaliths.htm,www.marbles.biz
4,http://www.quartzites.org/search?q=Zuschen,http://www.visual-arts-cork.com/prehistoric/megaliths.htm,www.quartzites.org
9,http://www.sandstone.biz/search?q=Zuschen,http://www.visual-arts-cork.com/prehistoric/megaliths.htm,www.sandstone.biz
9,http://www.sandstonebuy.com/yemen-stone-slab.html,http://www.visual-arts-cork.com/prehistoric/megaliths.htm,www.sandstonebuy.com
19,http://www.stoneshopping.com/search?q=Zuschen,http://www.visual-arts-cork.com/prehistoric/megaliths.htm,www.stoneshopping.com
